"Label","Alaska!!Total!!Estimate","Alaska!!Total!!Margin of Error","Alaska!!Percent!!Estimate","Alaska!!Percent!!Margin of Error","Maine!!Total!!Estimate","Maine!!Total!!Margin of Error","Maine!!Percent!!Estimate","Maine!!Percent!!Margin of Error","North Carolina!!Total!!Estimate","North Carolina!!Total!!Margin of Error","North Carolina!!Percent!!Estimate","North Carolina!!Percent!!Margin of Error","Missouri!!Total!!Estimate","Missouri!!Total!!Margin of Error","Missouri!!Percent!!Estimate","Missouri!!Percent!!Margin of Error","Pennsylvania!!Total!!Estimate","Pennsylvania!!Total!!Margin of Error","Pennsylvania!!Percent!!Estimate","Pennsylvania!!Percent!!Margin of Error","Michigan!!Total!!Estimate","Michigan!!Total!!Margin of Error","Michigan!!Percent!!Estimate","Michigan!!Percent!!Margin of Error","Nebraska!!Total!!Estimate","Nebraska!!Total!!Margin of Error","Nebraska!!Percent!!Estimate","Nebraska!!Percent!!Margin of Error","Oregon!!Total!!Estimate","Oregon!!Total!!Margin of Error","Oregon!!Percent!!Estimate","Oregon!!Percent!!Margin of Error","Wyoming!!Total!!Estimate","Wyoming!!Total!!Margin of Error","Wyoming!!Percent!!Estimate","Wyoming!!Percent!!Margin of Error","California!!Total!!Estimate","California!!Total!!Margin of Error","California!!Percent!!Estimate","California!!Percent!!Margin of Error","Mississippi!!Total!!Estimate","Mississippi!!Total!!Margin of Error","Mississippi!!Percent!!Estimate","Mississippi!!Percent!!Margin of Error","Connecticut!!Total!!Estimate","Connecticut!!Total!!Margin of Error","Connecticut!!Percent!!Estimate","Connecticut!!Percent!!Margin of Error","Texas!!Total!!Estimate","Texas!!Total!!Margin of Error","Texas!!Percent!!Estimate","Texas!!Percent!!Margin of Error","Idaho!!Total!!Estimate","Idaho!!Total!!Margin of Error","Idaho!!Percent!!Estimate","Idaho!!Percent!!Margin of Error","Maryland!!Total!!Estimate","Maryland!!Total!!Margin of Error","Maryland!!Percent!!Estimate","Maryland!!Percent!!Margin of Error","New Mexico!!Total!!Estimate","New Mexico!!Total!!Margin of Error","New Mexico!!Percent!!Estimate","New Mexico!!Percent!!Margin of Error","Alabama!!Total!!Estimate","Alabama!!Total!!Margin of Error","Alabama!!Percent!!Estimate","Alabama!!Percent!!Margin of Error","Tennessee!!Total!!Estimate","Tennessee!!Total!!Margin of Error","Tennessee!!Percent!!Estimate","Tennessee!!Percent!!Margin of Error","Vermont!!Total!!Estimate","Vermont!!Total!!Margin of Error","Vermont!!Percent!!Estimate","Vermont!!Percent!!Margin of Error","Nevada!!Total!!Estimate","Nevada!!Total!!Margin of Error","Nevada!!Percent!!Estimate","Nevada!!Percent!!Margin of Error","West Virginia!!Total!!Estimate","West Virginia!!Total!!Margin of Error","West Virginia!!Percent!!Estimate","West Virginia!!Percent!!Margin of Error","Oklahoma!!Total!!Estimate","Oklahoma!!Total!!Margin of Error","Oklahoma!!Percent!!Estimate","Oklahoma!!Percent!!Margin of Error","Wisconsin!!Total!!Estimate","Wisconsin!!Total!!Margin of Error","Wisconsin!!Percent!!Estimate","Wisconsin!!Percent!!Margin of Error","Puerto Rico!!Total!!Estimate","Puerto Rico!!Total!!Margin of Error","Puerto Rico!!Percent!!Estimate","Puerto Rico!!Percent!!Margin of Error","Kansas!!Total!!Estimate","Kansas!!Total!!Margin of Error","Kansas!!Percent!!Estimate","Kansas!!Percent!!Margin of Error","Virginia!!Total!!Estimate","Virginia!!Total!!Margin of Error","Virginia!!Percent!!Estimate","Virginia!!Percent!!Margin of Error","North Dakota!!Total!!Estimate","North Dakota!!Total!!Margin of Error","North Dakota!!Percent!!Estimate","North Dakota!!Percent!!Margin of Error","New Jersey!!Total!!Estimate","New Jersey!!Total!!Margin of Error","New Jersey!!Percent!!Estimate","New Jersey!!Percent!!Margin of Error","Ohio!!Total!!Estimate","Ohio!!Total!!Margin of Error","Ohio!!Percent!!Estimate","Ohio!!Percent!!Margin of Error","South Carolina!!Total!!Estimate","South Carolina!!Total!!Margin of Error","South Carolina!!Percent!!Estimate","South Carolina!!Percent!!Margin of Error","Georgia!!Total!!Estimate","Georgia!!Total!!Margin of Error","Georgia!!Percent!!Estimate","Georgia!!Percent!!Margin of Error","Colorado!!Total!!Estimate","Colorado!!Total!!Margin of Error","Colorado!!Percent!!Estimate","Colorado!!Percent!!Margin of Error","Hawaii!!Total!!Estimate","Hawaii!!Total!!Margin of Error","Hawaii!!Percent!!Estimate","Hawaii!!Percent!!Margin of Error","South Dakota!!Total!!Estimate","South Dakota!!Total!!Margin of Error","South Dakota!!Percent!!Estimate","South Dakota!!Percent!!Margin of Error","Indiana!!Total!!Estimate","Indiana!!Total!!Margin of Error","Indiana!!Percent!!Estimate","Indiana!!Percent!!Margin of Error","Kentucky!!Total!!Estimate","Kentucky!!Total!!Margin of Error","Kentucky!!Percent!!Estimate","Kentucky!!Percent!!Margin of Error","Louisiana!!Total!!Estimate","Louisiana!!Total!!Margin of Error","Louisiana!!Percent!!Estimate","Louisiana!!Percent!!Margin of Error","Washington!!Total!!Estimate","Washington!!Total!!Margin of Error","Washington!!Percent!!Estimate","Washington!!Percent!!Margin of Error","Illinois!!Total!!Estimate","Illinois!!Total!!Margin of Error","Illinois!!Percent!!Estimate","Illinois!!Percent!!Margin of Error","Iowa!!Total!!Estimate","Iowa!!Total!!Margin of Error","Iowa!!Percent!!Estimate","Iowa!!Percent!!Margin of Error","New Hampshire!!Total!!Estimate","New Hampshire!!Total!!Margin of Error","New Hampshire!!Percent!!Estimate","New Hampshire!!Percent!!Margin of Error","Rhode Island!!Total!!Estimate","Rhode Island!!Total!!Margin of Error","Rhode Island!!Percent!!Estimate","Rhode Island!!Percent!!Margin of Error","Arkansas!!Total!!Estimate","Arkansas!!Total!!Margin of Error","Arkansas!!Percent!!Estimate","Arkansas!!Percent!!Margin of Error","Delaware!!Total!!Estimate","Delaware!!Total!!Margin of Error","Delaware!!Percent!!Estimate","Delaware!!Percent!!Margin of Error","Minnesota!!Total!!Estimate","Minnesota!!Total!!Margin of Error","Minnesota!!Percent!!Estimate","Minnesota!!Percent!!Margin of Error","Montana!!Total!!Estimate","Montana!!Total!!Margin of Error","Montana!!Percent!!Estimate","Montana!!Percent!!Margin of Error","Arizona!!Total!!Estimate","Arizona!!Total!!Margin of Error","Arizona!!Percent!!Estimate","Arizona!!Percent!!Margin of Error","Florida!!Total!!Estimate","Florida!!Total!!Margin of Error","Florida!!Percent!!Estimate","Florida!!Percent!!Margin of Error","Massachusetts!!Total!!Estimate","Massachusetts!!Total!!Margin of Error","Massachusetts!!Percent!!Estimate","Massachusetts!!Percent!!Margin of Error","District of Columbia!!Total!!Estimate","District of Columbia!!Total!!Margin of Error","District of Columbia!!Percent!!Estimate","District of Columbia!!Percent!!Margin of Error","Utah!!Total!!Estimate","Utah!!Total!!Margin of Error","Utah!!Percent!!Estimate","Utah!!Percent!!Margin of Error","New York!!Total!!Estimate","New York!!Total!!Margin of Error","New York!!Percent!!Estimate","New York!!Percent!!Margin of Error"
"Citizens 18 years and over","532,244","±2,539","(X)","(X)","1,070,661","±2,844","(X)","(X)","7,629,700","±14,096","(X)","(X)","4,633,370","±7,810","(X)","(X)","9,781,212","±13,540","(X)","(X)","7,542,878","±9,218","(X)","(X)","1,380,260","±4,447","(X)","(X)","3,098,171","±10,663","(X)","(X)","433,644","±2,221","(X)","(X)","25,838,830","±40,891","(X)","(X)","2,240,658","±4,237","(X)","(X)","2,614,365","±9,761","(X)","(X)","18,502,334","±34,355","(X)","(X)","1,252,414","±4,446","(X)","(X)","4,320,150","±11,064","(X)","(X)","1,507,384","±8,648","(X)","(X)","3,712,212","±6,374","(X)","(X)","5,075,166","±9,364","(X)","(X)","500,274","±2,062","(X)","(X)","2,075,166","±9,912","(X)","(X)","1,431,158","±2,647","(X)","(X)","2,852,665","±6,406","(X)","(X)","4,401,754","±6,740","(X)","(X)","2,561,292","±3,528","(X)","(X)","2,091,514","±6,614","(X)","(X)","6,213,686","±15,563","(X)","(X)","567,351","±3,196","(X)","(X)","6,198,334","±18,079","(X)","(X)","8,863,920","±10,112","(X)","(X)","3,850,077","±7,081","(X)","(X)","7,486,799","±16,650","(X)","(X)","4,151,040","±11,752","(X)","(X)","1,016,506","±6,821","(X)","(X)","647,089","±2,674","(X)","(X)","4,935,180","±9,655","(X)","(X)","3,368,919","±5,708","(X)","(X)","3,459,079","±6,807","(X)","(X)","5,355,539","±15,393","(X)","(X)","9,074,766","±18,777","(X)","(X)","2,327,219","±6,259","(X)","(X)","1,069,812","±2,991","(X)","(X)","803,077","±5,541","(X)","(X)","2,224,112","±7,109","(X)","(X)","720,867","±3,971","(X)","(X)","4,106,914","±8,745","(X)","(X)","823,668","±2,462","(X)","(X)","5,035,771","±13,456","(X)","(X)","15,327,815","±34,980","(X)","(X)","5,035,804","±16,108","(X)","(X)","526,393","±4,612","(X)","(X)","2,087,341","±6,918","(X)","(X)","13,770,029","±25,984","(X)","(X)"
"    AGE","","","","","","","","","","","","","","","","","","","","","","","","","","","","","","","","","","","","","","","","","","","","","","","","","","","","","","","","","","","","","","","","","","","","","","","","","","","","","","","","","","","","","","","","","","","","","","","","","","","","","","","","","","","","","","","","","","","","","","","","","","","","","","","","","","","","","","","","","","","","","","","","","","","","","","","","","","","","","","","","","","","","","","","","","","","","","","","","","","","","","","","","","","","","","","","","","","","","","","","","","","","","","","","",""
"        18 to 29 years","127,476","±1,829","24.0%","±0.3","181,628","±1,434","17.0%","±0.1","1,605,709","±7,813","21.0%","±0.1","950,969","±4,998","20.5%","±0.1","1,928,161","±6,355","19.7%","±0.1","1,573,334","±5,636","20.9%","±0.1","296,186","±2,239","21.5%","±0.1","617,912","±5,903","19.9%","±0.2","86,967","±1,666","20.1%","±0.4","6,028,864","±17,673","23.3%","±0.1","490,199","±4,455","21.9%","±0.2","520,431","±4,278","19.9%","±0.1","4,394,424","±16,095","23.8%","±0.1","272,356","±2,805","21.7%","±0.2","867,843","±5,459","20.1%","±0.1","316,132","±4,381","21.0%","±0.2","768,804","±5,276","20.7%","±0.1","1,056,534","±5,543","20.8%","±0.1","100,387","±1,448","20.1%","±0.3","432,922","±3,763","20.9%","±0.1","267,223","±3,092","18.7%","±0.2","627,873","±4,180","22.0%","±0.1","888,479","±4,323","20.2%","±0.1","514,347","±1,413","20.1%","±0.1","457,419","±4,476","21.9%","±0.2","1,314,205","±7,871","21.2%","±0.1","139,148","±2,337","24.5%","±0.4","1,200,963","±6,913","19.4%","±0.1","1,806,426","±6,773","20.4%","±0.1","797,648","±4,688","20.7%","±0.1","1,670,201","±8,530","22.3%","±0.1","915,609","±6,125","22.1%","±0.1","205,905","±3,011","20.3%","±0.3","135,924","±2,341","21.0%","±0.3","1,059,480","±6,074","21.5%","±0.1","703,006","±4,375","20.9%","±0.1","737,438","±4,816","21.3%","±0.1","1,116,310","±8,297","20.8%","±0.1","1,917,749","±10,336","21.1%","±0.1","491,467","±3,583","21.1%","±0.1","205,040","±2,134","19.2%","±0.2","177,021","±3,237","22.0%","±0.3","469,906","±4,440","21.1%","±0.2","140,123","±2,059","19.4%","±0.2","817,820","±4,997","19.9%","±0.1","162,487","±2,278","19.7%","±0.3","1,107,241","±6,417","22.0%","±0.1","2,867,965","±15,798","18.7%","±0.1","1,080,377","±8,250","21.5%","±0.1","145,434","±2,101","27.6%","±0.3","567,726","±3,742","27.2%","±0.2","2,924,030","±11,192","21.2%","±0.1"
"        30 to 44 years","144,647","±2,629","27.2%","±0.5","227,304","±2,280","21.2%","±0.2","1,755,720","±9,514","23.0%","±0.1","1,091,978","±4,726","23.6%","±0.1","2,170,864","±9,448","22.2%","±0.1","1,653,542","±6,678","21.9%","±0.1","337,825","±3,071","24.5%","±0.2","754,771","±7,162","24.4%","±0.2","106,361","±1,762","24.5%","±0.4","6,358,182","±21,639","24.6%","±0.1","543,754","±6,254","24.3%","±0.3","552,963","±6,219","21.2%","±0.2","4,834,880","±20,502","26.1%","±0.1","308,894","±3,582","24.7%","±0.3","1,020,777","±6,682","23.6%","±0.1","356,947","±6,345","23.7%","±0.4","858,792","±6,627","23.1%","±0.2","1,191,965","±5,543","23.5%","±0.1","103,384","±1,123","20.7%","±0.2","514,761","±5,668","24.8%","±0.2","314,761","±2,973","22.0%","±0.2","696,956","±4,994","24.4%","±0.2","1,006,927","±4,587","22.9%","±0.1","559,457","±2,204","21.8%","±0.1","492,293","±4,741","23.5%","±0.2","1,503,106","±9,801","24.2%","±0.1","139,250","±2,753","24.5%","±0.4","1,382,360","±12,237","22.3%","±0.2","2,029,894","±7,357","22.9%","±0.1","878,426","±6,318","22.8%","±0.2","1,863,100","±13,574","24.9%","±0.2","1,102,183","±7,493","26.6%","±0.2","248,723","±3,599","24.5%","±0.3","154,204","±2,289","23.8%","±0.3","1,159,800","±6,805","23.5%","±0.1","783,692","±4,358","23.3%","±0.1","864,711","±6,632","25.0%","±0.2","1,346,421","±7,715","25.1%","±0.1","2,174,843","±11,954","24.0%","±0.1","533,708","±4,138","22.9%","±0.2","227,296","±2,098","21.2%","±0.2","174,615","±3,180","21.7%","±0.4","521,951","±4,587","23.5%","±0.2","153,037","±2,253","21.2%","±0.2","1,007,885","±5,011","24.5%","±0.1","190,761","±2,375","23.2%","±0.3","1,159,231","±8,907","23.0%","±0.2","3,306,343","±19,120","21.6%","±0.1","1,120,870","±8,730","22.3%","±0.1","165,893","±3,139","31.5%","±0.5","596,259","±5,266","28.6%","±0.2","3,189,035","±14,820","23.2%","±0.1"
"        45 to 64 years","174,789","±3,032","32.8%","±0.5","388,346","±2,124","36.3%","±0.2","2,604,091","±8,508","34.1%","±0.1","1,561,209","±4,340","33.7%","±0.1","3,380,076","±6,234","34.6%","±0.1","2,621,192","±5,834","34.8%","±0.1","445,198","±2,700","32.3%","±0.2","1,002,016","±5,260","32.3%","±0.2","144,337","±2,205","33.3%","±0.5","8,244,326","±22,375","31.9%","±0.1","734,187","±6,164","32.8%","±0.3","947,195","±5,282","36.2%","±0.2","5,912,721","±18,903","32.0%","±0.1","395,527","±3,460","31.6%","±0.2","1,527,050","±6,476","35.3%","±0.1","474,231","±5,026","31.5%","±0.3","1,259,953","±7,096","33.9%","±0.2","1,730,652","±5,852","34.1%","±0.1","173,821","±1,536","34.7%","±0.3","678,146","±5,669","32.7%","±0.2","489,218","±2,415","34.2%","±0.2","915,311","±4,322","32.1%","±0.1","1,528,396","±4,370","34.7%","±0.1","833,168","±2,317","32.5%","±0.1","684,980","±4,851","32.8%","±0.2","2,112,109","±8,596","34.0%","±0.1","172,914","±1,812","30.5%","±0.3","2,238,756","±9,863","36.1%","±0.1","3,050,243","±7,373","34.4%","±0.1","1,282,518","±5,951","33.3%","±0.1","2,529,832","±11,480","33.8%","±0.1","1,342,591","±6,202","32.3%","±0.1","317,184","±3,554","31.2%","±0.3","211,141","±1,858","32.6%","±0.3","1,672,981","±5,640","33.9%","±0.1","1,154,682","±4,064","34.3%","±0.1","1,142,767","±6,021","33.0%","±0.2","1,760,980","±7,973","32.9%","±0.1","3,061,135","±9,859","33.7%","±0.1","766,797","±3,407","32.9%","±0.1","396,364","±2,397","37.0%","±0.2","274,536","±3,032","34.2%","±0.3","729,350","±5,418","32.8%","±0.2","249,503","±1,863","34.6%","±0.2","1,403,438","±4,165","34.2%","±0.1","270,899","±2,319","32.9%","±0.3","1,561,631","±6,844","31.0%","±0.1","5,020,822","±17,350","32.8%","±0.1","1,736,866","±8,795","34.5%","±0.1","131,762","±1,970","25.0%","±0.3","578,946","±3,748","27.7%","±0.2","4,615,032","±13,503","33.5%","±0.1"
"        65 years and over","85,332","±1,468","16.0%","±0.3","273,383","±1,126","25.5%","±0.1","1,664,180","±4,018","21.8%","±0.1","1,029,214","±3,500","22.2%","±0.1","2,302,111","±3,963","23.5%","±0.1","1,694,810","±3,271","22.5%","±0.1","301,051","±1,532","21.8%","±0.1","723,472","±3,745","23.4%","±0.1","95,979","±1,485","22.1%","±0.3","5,207,458","±11,947","20.2%","±0.1","472,518","±2,608","21.1%","±0.1","593,776","±2,407","22.7%","±0.1","3,360,309","±12,208","18.2%","±0.1","275,637","±2,149","22.0%","±0.2","904,480","±3,389","20.9%","±0.1","360,074","±2,708","23.9%","±0.2","824,663","±3,597","22.2%","±0.1","1,096,015","±3,988","21.6%","±0.1","122,682","±1,212","24.5%","±0.2","449,337","±3,139","21.7%","±0.2","359,956","±1,768","25.2%","±0.1","612,525","±2,369","21.5%","±0.1","977,952","±2,652","22.2%","±0.1","654,320","±1,394","25.5%","±0.1","456,822","±2,427","21.8%","±0.1","1,284,266","±4,088","20.7%","±0.1","116,039","±869","20.5%","±0.2","1,376,255","±4,283","22.2%","±0.1","1,977,357","±4,220","22.3%","±0.1","891,485","±2,697","23.2%","±0.1","1,423,666","±5,945","19.0%","±0.1","790,657","±3,127","19.0%","±0.1","244,694","±2,164","24.1%","±0.2","145,820","±1,007","22.5%","±0.2","1,042,919","±2,933","21.1%","±0.1","727,539","±2,469","21.6%","±0.1","714,163","±3,009","20.6%","±0.1","1,131,828","±4,315","21.1%","±0.1","1,921,039","±5,568","21.2%","±0.1","535,247","±1,986","23.0%","±0.1","241,112","±1,504","22.5%","±0.1","176,905","±1,594","22.0%","±0.2","502,905","±2,513","22.6%","±0.1","178,204","±1,133","24.7%","±0.2","877,771","±2,706","21.4%","±0.1","199,521","±1,261","24.2%","±0.2","1,207,668","±4,178","24.0%","±0.1","4,132,685","±11,513","27.0%","±0.1","1,097,691","±3,695","21.8%","±0.1","83,304","±935","15.8%","±0.2","344,410","±2,279","16.5%","±0.1","3,041,932","±7,702","22.1%","±0.1"
"    SEX","","","","","","","","","","","","","","","","","","","","","","","","","","","","","","","","","","","","","","","","","","","","","","","","","","","","","","","","","","","","","","","","","","","","","","","","","","","","","","","","","","","","","","","","","","","","","","","","","","","","","","","","","","","","","","","","","","","","","","","","","","","","","","","","","","","","","","","","","","","","","","","","","","","","","","","","","","","","","","","","","","","","","","","","","","","","","","","","","","","","","","","","","","","","","","","","","","","","","","","","","","","","","","","",""
"        Male","279,792","±1,890","52.6%","±0.3","518,367","±1,899","48.4%","±0.2","3,634,888","±8,791","47.6%","±0.1","2,240,784","±5,295","48.4%","±0.1","4,726,343","±8,924","48.3%","±0.1","3,667,806","±7,822","48.6%","±0.1","679,331","±3,218","49.2%","±0.1","1,518,467","±6,517","49.0%","±0.1","219,788","±1,828","50.7%","±0.4","12,693,335","±24,760","49.1%","±0.1","1,062,978","±3,534","47.4%","±0.1","1,252,484","±6,299","47.9%","±0.1","9,038,806","±22,124","48.9%","±0.1","622,965","±3,379","49.7%","±0.2","2,055,984","±7,140","47.6%","±0.1","735,509","±6,014","48.8%","±0.2","1,763,395","±4,927","47.5%","±0.1","2,427,806","±6,438","47.8%","±0.1","244,517","±1,696","48.9%","±0.2","1,036,350","±6,057","49.9%","±0.2","701,390","±2,063","49.0%","±0.1","1,390,267","±5,145","48.7%","±0.1","2,162,711","±4,188","49.1%","±0.1","1,198,296","±2,008","46.8%","±0.1","1,032,265","±4,831","49.4%","±0.2","3,015,598","±9,916","48.5%","±0.1","291,026","±2,449","51.3%","±0.3","2,977,776","±11,832","48.0%","±0.1","4,282,540","±7,096","48.3%","±0.1","1,830,316","±4,917","47.5%","±0.1","3,558,929","±11,784","47.5%","±0.1","2,073,626","±7,549","50.0%","±0.1","513,093","±4,071","50.5%","±0.2","323,519","±2,541","50.0%","±0.3","2,392,487","±6,602","48.5%","±0.1","1,632,285","±4,642","48.5%","±0.1","1,655,923","±4,321","47.9%","±0.1","2,655,643","±10,766","49.6%","±0.1","4,385,340","±12,630","48.3%","±0.1","1,139,250","±3,838","49.0%","±0.1","525,826","±2,385","49.2%","±0.2","384,768","±3,839","47.9%","±0.3","1,074,651","±4,744","48.3%","±0.1","343,826","±2,337","47.7%","±0.2","2,023,293","±6,304","49.3%","±0.1","413,026","±2,760","50.1%","±0.2","2,478,560","±8,695","49.2%","±0.1","7,371,100","±23,981","48.1%","±0.1","2,400,775","±9,292","47.7%","±0.1","245,922","±2,739","46.7%","±0.3","1,041,497","±4,863","49.9%","±0.1","6,565,089","±16,713","47.7%","±0.1"
"        Female","252,452","±2,008","47.4%","±0.3","552,294","±2,632","51.6%","±0.2","3,994,812","±8,586","52.4%","±0.1","2,392,586","±5,182","51.6%","±0.1","5,054,869","±8,755","51.7%","±0.1","3,875,072","±5,841","51.4%","±0.1","700,929","±2,838","50.8%","±0.1","1,579,704","±7,051","51.0%","±0.1","213,856","±2,112","49.3%","±0.4","13,145,495","±22,193","50.9%","±0.1","1,177,680","±2,623","52.6%","±0.1","1,361,881","±5,610","52.1%","±0.1","9,463,528","±19,725","51.1%","±0.1","629,449","±3,734","50.3%","±0.2","2,264,166","±7,153","52.4%","±0.1","771,875","±4,871","51.2%","±0.2","1,948,817","±4,596","52.5%","±0.1","2,647,360","±5,921","52.2%","±0.1","255,757","±1,525","51.1%","±0.2","1,038,816","±5,752","50.1%","±0.2","729,768","±2,161","51.0%","±0.1","1,462,398","±3,969","51.3%","±0.1","2,239,043","±4,682","50.9%","±0.1","1,362,996","±2,519","53.2%","±0.1","1,059,249","±4,610","50.6%","±0.2","3,198,088","±8,132","51.5%","±0.1","276,325","±2,146","48.7%","±0.3","3,220,558","±9,628","52.0%","±0.1","4,581,380","±5,971","51.7%","±0.1","2,019,761","±4,645","52.5%","±0.1","3,927,870","±9,875","52.5%","±0.1","2,077,414","±7,414","50.0%","±0.1","503,413","±4,172","49.5%","±0.2","323,570","±2,557","50.0%","±0.3","2,542,693","±6,211","51.5%","±0.1","1,736,634","±3,951","51.5%","±0.1","1,803,156","±4,519","52.1%","±0.1","2,699,896","±8,783","50.4%","±0.1","4,689,426","±12,019","51.7%","±0.1","1,187,969","±4,084","51.0%","±0.1","543,986","±2,294","50.8%","±0.2","418,309","±3,182","52.1%","±0.3","1,149,461","±4,233","51.7%","±0.1","377,041","±2,406","52.3%","±0.2","2,083,621","±5,826","50.7%","±0.1","410,642","±1,830","49.9%","±0.2","2,557,211","±8,822","50.8%","±0.1","7,956,715","±17,798","51.9%","±0.1","2,635,029","±9,964","52.3%","±0.1","280,471","±2,890","53.3%","±0.3","1,045,844","±4,348","50.1%","±0.1","7,204,940","±15,539","52.3%","±0.1"
"    RACE AND HISPANIC ORIGIN","","","","","","","","","","","","","","","","","","","","","","","","","","","","","","","","","","","","","","","","","","","","","","","","","","","","","","","","","","","","","","","","","","","","","","","","","","","","","","","","","","","","","","","","","","","","","","","","","","","","","","","","","","","","","","","","","","","","","","","","","","","","","","","","","","","","","","","","","","","","","","","","","","","","","","","","","","","","","","","","","","","","","","","","","","","","","","","","","","","","","","","","","","","","","","","","","","","","","","","","","","","","","","","",""
"        White alone","368,438","±2,822","69.2%","±0.5","1,027,268","±1,780","95.9%","±0.2","5,476,286","±10,058","71.8%","±0.1","3,921,613","±6,084","84.6%","±0.1","8,181,887","±14,018","83.6%","±0.1","6,129,604","±9,150","81.3%","±0.1","1,246,241","±3,521","90.3%","±0.3","2,714,328","±8,793","87.6%","±0.3","404,463","±1,936","93.3%","±0.5","16,427,059","±47,102","63.6%","±0.2","1,351,907","±3,651","60.3%","±0.1","2,109,655","±10,150","80.7%","±0.4","14,047,850","±33,888","75.9%","±0.1","1,157,724","±4,595","92.4%","±0.4","2,568,307","±8,835","59.4%","±0.2","1,175,689","±9,628","78.0%","±0.5","2,607,033","±4,976","70.2%","±0.1","4,067,694","±6,787","80.1%","±0.1","477,697","±1,660","95.5%","±0.3","1,432,244","±9,765","69.0%","±0.4","1,346,378","±2,462","94.1%","±0.2","2,163,596","±5,397","75.8%","±0.2","3,909,624","±5,779","88.8%","±0.1","1,684,618","±17,992","65.8%","±0.7","1,830,276","±5,443","87.5%","±0.2","4,399,355","±12,809","70.8%","±0.2","507,582","±1,979","89.5%","±0.5","4,474,880","±16,629","72.2%","±0.2","7,454,489","±7,471","84.1%","±0.1","2,679,056","±6,426","69.6%","±0.1","4,590,158","±12,930","61.3%","±0.1","3,612,937","±12,239","87.0%","±0.3","284,151","±3,128","28.0%","±0.3","573,199","±1,795","88.6%","±0.4","4,262,963","±8,306","86.4%","±0.2","3,009,873","±4,121","89.3%","±0.1","2,226,970","±5,546","64.4%","±0.1","4,328,981","±11,653","80.8%","±0.2","6,842,371","±15,974","75.4%","±0.2","2,184,022","±3,981","93.8%","±0.2","1,013,045","±2,815","94.7%","±0.3","684,999","±6,879","85.3%","±0.7","1,772,891","±4,334","79.7%","±0.2","521,934","±3,590","72.4%","±0.5","3,612,605","±4,727","88.0%","±0.2","747,646","±2,078","90.8%","±0.2","4,067,382","±15,895","80.8%","±0.3","11,927,653","±31,355","77.8%","±0.2","4,176,989","±12,685","82.9%","±0.2","240,198","±3,429","45.6%","±0.5","1,878,243","±6,805","90.0%","±0.3","9,479,819","±24,931","68.8%","±0.2"
"        Black or African American alone","17,519","±1,558","3.3%","±0.3","8,276","±1,369","0.8%","±0.1","1,673,716","±9,270","21.9%","±0.1","514,289","±4,955","11.1%","±0.1","1,013,276","±9,113","10.4%","±0.1","1,007,850","±5,564","13.4%","±0.1","58,693","±2,129","4.3%","±0.2","53,328","±2,816","1.7%","±0.1","N","N","N","N","1,733,938","±9,966","6.7%","±0.1","834,824","±4,366","37.3%","±0.2","265,142","±5,421","10.1%","±0.2","2,483,006","±13,916","13.4%","±0.1","7,911","±1,978","0.6%","±0.2","1,314,381","±8,577","30.4%","±0.2","35,671","±2,822","2.4%","±0.2","979,390","±4,979","26.4%","±0.1","830,612","±7,198","16.4%","±0.1","4,621","±878","0.9%","±0.2","202,018","±4,502","9.7%","±0.2","54,308","±2,332","3.8%","±0.2","205,093","±4,167","7.2%","±0.1","252,844","±3,700","5.7%","±0.1","324,374","±13,678","12.7%","±0.5","121,077","±4,050","5.8%","±0.2","1,222,486","±8,495","19.7%","±0.1","13,529","±1,952","2.4%","±0.3","854,268","±9,426","13.8%","±0.1","1,040,599","±7,812","11.7%","±0.1","1,021,072","±5,914","26.5%","±0.2","2,419,526","±11,339","32.3%","±0.2","165,359","±4,755","4.0%","±0.1","23,051","±1,287","2.3%","±0.1","7,602","±1,415","1.2%","±0.2","442,109","±5,205","9.0%","±0.1","259,615","±5,028","7.7%","±0.1","1,103,078","±5,658","31.9%","±0.2","191,840","±5,504","3.6%","±0.1","1,332,512","±7,765","14.7%","±0.1","60,889","±3,196","2.6%","±0.1","14,908","±1,969","1.4%","±0.2","44,576","±2,280","5.6%","±0.3","332,151","±4,354","14.9%","±0.2","158,901","±2,577","22.0%","±0.3","194,296","±5,370","4.7%","±0.1","N","N","N","N","235,473","±4,905","4.7%","±0.1","2,302,492","±19,216","15.0%","±0.1","337,379","±7,372","6.7%","±0.1","240,843","±3,056","45.8%","±0.6","22,236","±1,528","1.1%","±0.1","2,139,909","±15,967","15.5%","±0.1"
"        Asian alone","26,468","±2,068","5.0%","±0.4","8,429","±998","0.8%","±0.1","142,490","±5,409","1.9%","±0.1","59,828","±3,736","1.3%","±0.1","232,421","±5,732","2.4%","±0.1","154,309","±4,672","2.0%","±0.1","18,750","±1,854","1.4%","±0.1","109,489","±4,794","3.5%","±0.2","2,909","±853","0.7%","±0.2","3,637,615","±22,735","14.1%","±0.1","12,926","±1,509","0.6%","±0.1","81,519","±3,623","3.1%","±0.1","705,534","±11,483","3.8%","±0.1","15,967","±1,832","1.3%","±0.1","218,881","±6,474","5.1%","±0.1","19,688","±1,901","1.3%","±0.1","30,399","±3,009","0.8%","±0.1","57,533","±3,468","1.1%","±0.1","6,816","±1,108","1.4%","±0.2","164,862","±5,006","7.9%","±0.2","7,413","±1,419","0.5%","±0.1","43,618","±2,628","1.5%","±0.1","82,724","±4,354","1.9%","±0.1","3,376","±1,191","0.1%","±0.1","39,553","±2,721","1.9%","±0.1","320,693","±7,303","5.2%","±0.1","3,741","±1,125","0.7%","±0.2","457,244","±7,312","7.4%","±0.1","123,266","±5,519","1.4%","±0.1","43,727","±2,763","1.1%","±0.1","208,694","±8,620","2.8%","±0.1","99,021","±4,325","2.4%","±0.1","391,385","±8,417","38.5%","±0.7","4,301","±1,215","0.7%","±0.2","65,038","±3,889","1.3%","±0.1","28,741","±2,662","0.9%","±0.1","38,480","±2,734","1.1%","±0.1","364,052","±7,472","6.8%","±0.1","386,422","±8,231","4.3%","±0.1","31,533","±3,196","1.4%","±0.1","17,194","±1,448","1.6%","±0.1","19,903","±1,824","2.5%","±0.2","23,033","±2,796","1.0%","±0.1","15,714","±1,833","2.2%","±0.2","141,920","±4,317","3.5%","±0.1","4,509","±685","0.5%","±0.1","131,296","±4,374","2.6%","±0.1","350,164","±7,279","2.3%","±0.1","244,395","±6,523","4.9%","±0.1","19,162","±1,922","3.6%","±0.4","41,022","±3,133","2.0%","±0.1","922,184","±12,412","6.7%","±0.1"
"        American Indian and Alaska Native alone","N","N","N","N","N","N","N","N","89,491","±2,789","1.2%","±0.1","N","N","N","N","14,872","±1,703","0.2%","±0.1","39,224","±2,451","0.5%","±0.1","N","N","N","N","36,118","±2,877","1.2%","±0.1","N","N","N","N","211,862","±7,567","0.8%","±0.1","N","N","N","N","5,855","±1,352","0.2%","±0.1","97,576","±7,909","0.5%","±0.1","N","N","N","N","10,234","±1,701","0.2%","±0.1","N","N","N","N","N","N","N","N","N","N","N","N","N","N","N","N","29,176","±2,059","1.4%","±0.1","N","N","N","N","218,083","±3,901","7.6%","±0.1","N","N","N","N","N","N","N","N","N","N","N","N","16,173","±2,136","0.3%","±0.1","N","N","N","N","13,594","±2,407","0.2%","±0.1","N","N","N","N","N","N","N","N","19,983","±3,050","0.3%","±0.1","42,763","±3,507","1.0%","±0.1","N","N","N","N","N","N","N","N","10,124","±1,649","0.2%","±0.1","N","N","N","N","N","N","N","N","69,554","±4,082","1.3%","±0.1","24,927","±2,740","0.3%","±0.1","N","N","N","N","N","N","N","N","N","N","N","N","N","N","N","N","N","N","N","N","40,584","±2,428","1.0%","±0.1","N","N","N","N","225,636","±5,562","4.5%","±0.1","44,172","±4,421","0.3%","±0.1","N","N","N","N","N","N","N","N","N","N","N","N","56,168","±4,696","0.4%","±0.1"
"        Native Hawaiian and Other Pacific Islander alone","4,320","±1,128","0.8%","±0.2","N","N","N","N","5,707","±1,452","0.1%","±0.1","3,951","±889","0.1%","±0.1","N","N","N","N","2,902","±873","0.0%","±0.1","N","N","N","N","9,176","±1,836","0.3%","±0.1","N","N","N","N","106,796","±4,752","0.4%","±0.1","N","N","N","N","N","N","N","N","15,341","±2,499","0.1%","±0.1","N","N","N","N","N","N","N","N","N","N","N","N","N","N","N","N","N","N","N","N","N","N","N","N","13,701","±1,286","0.7%","±0.1","N","N","N","N","2,454","±864","0.1%","±0.1","N","N","N","N","N","N","N","N","N","N","N","N","N","N","N","N","N","N","N","N","N","N","N","N","2,746","±1,415","0.0%","±0.1","N","N","N","N","5,855","±2,012","0.1%","±0.1","N","N","N","N","91,333","±4,153","9.0%","±0.4","N","N","N","N","N","N","N","N","N","N","N","N","N","N","N","N","33,073","±2,924","0.6%","±0.1","N","N","N","N","1,802","±803","0.1%","±0.1","N","N","N","N","N","N","N","N","2,668","±1,232","0.1%","±0.1","N","N","N","N","N","N","N","N","N","N","N","N","11,034","±1,647","0.2%","±0.1","9,437","±1,875","0.1%","±0.1","N","N","N","N","N","N","N","N","17,875","±1,551","0.9%","±0.1","7,021","±2,370","0.1%","±0.1"
"        Some Other Race alone","6,980","±1,974","1.3%","±0.4","2,024","±682","0.2%","±0.1","95,928","±6,573","1.3%","±0.1","27,155","±3,164","0.6%","±0.1","172,982","±9,776","1.8%","±0.1","57,772","±5,116","0.8%","±0.1","16,792","±2,285","1.2%","±0.2","60,962","±6,537","2.0%","±0.2","N","N","N","N","2,664,272","±41,366","10.3%","±0.2","10,252","±2,090","0.5%","±0.1","95,670","±6,072","3.7%","±0.2","764,568","±20,933","4.1%","±0.1","23,711","±3,200","1.9%","±0.3","92,643","±8,003","2.1%","±0.2","93,757","±6,854","6.2%","±0.4","22,308","±3,299","0.6%","±0.1","28,498","±3,997","0.6%","±0.1","1,688","±712","0.3%","±0.1","155,411","±8,675","7.5%","±0.4","3,105","±952","0.2%","±0.1","44,858","±4,329","1.6%","±0.2","51,146","±4,549","1.2%","±0.1","426,226","±13,975","16.6%","±0.5","26,741","±3,599","1.3%","±0.2","80,450","±6,199","1.3%","±0.1","N","N","N","N","271,565","±15,490","4.4%","±0.2","55,309","±4,892","0.6%","±0.1","33,132","±3,659","0.9%","±0.1","102,346","±7,902","1.4%","±0.1","106,140","±8,137","2.6%","±0.2","11,122","±1,848","1.1%","±0.2","2,976","±1,136","0.5%","±0.2","68,442","±5,928","1.4%","±0.1","13,114","±2,426","0.4%","±0.1","22,034","±3,052","0.6%","±0.1","128,422","±7,341","2.4%","±0.1","321,104","±13,375","3.5%","±0.1","11,416","±1,899","0.5%","±0.1","4,903","±1,465","0.5%","±0.1","30,812","±4,960","3.8%","±0.6","34,576","±4,135","1.6%","±0.2","6,555","±1,921","0.9%","±0.3","36,479","±3,524","0.9%","±0.1","3,505","±1,099","0.4%","±0.1","211,608","±11,702","4.2%","±0.2","379,968","±19,264","2.5%","±0.1","156,986","±9,139","3.1%","±0.2","9,019","±2,298","1.7%","±0.4","59,280","±5,373","2.8%","±0.3","834,466","±23,524","6.1%","±0.2"
"        Two or More Races","33,181","±3,446","6.2%","±0.6","N","N","N","N","146,082","±8,491","1.9%","±0.1","84,168","±4,450","1.8%","±0.1","162,606","±7,197","1.7%","±0.1","151,217","±6,267","2.0%","±0.1","27,502","±3,027","2.0%","±0.2","114,770","±5,488","3.7%","±0.2","N","N","N","N","1,057,288","±20,440","4.1%","±0.1","20,139","±3,070","0.9%","±0.1","55,934","±4,024","2.1%","±0.2","388,459","±12,219","2.1%","±0.1","28,860","±3,259","2.3%","±0.3","113,237","±6,511","2.6%","±0.1","36,720","±3,523","2.4%","±0.2","54,771","±4,561","1.5%","±0.1","72,307","±5,231","1.4%","±0.1","N","N","N","N","77,754","±5,346","3.7%","±0.3","17,292","±2,112","1.2%","±0.1","174,963","±5,814","6.1%","±0.2","66,873","±4,704","1.5%","±0.1","118,900","±7,095","4.6%","±0.3","52,582","±4,341","2.5%","±0.2","169,837","±9,226","2.7%","±0.1","N","N","N","N","124,757","±8,390","2.0%","±0.1","167,973","±8,111","1.9%","±0.1","56,372","±5,250","1.5%","±0.1","140,237","±8,531","1.9%","±0.1","117,945","±5,792","2.8%","±0.1","212,677","±7,681","20.9%","±0.8","N","N","N","N","84,012","±5,301","1.7%","±0.1","48,798","±4,878","1.4%","±0.1","48,765","±4,351","1.4%","±0.1","239,617","±9,838","4.5%","±0.2","163,661","±7,967","1.8%","±0.1","29,319","±2,928","1.3%","±0.1","16,488","±2,385","1.5%","±0.2","18,973","±2,665","2.4%","±0.3","43,012","±3,545","1.9%","±0.2","13,093","±1,960","1.8%","±0.3","79,970","±4,767","1.9%","±0.1","N","N","N","N","153,342","±8,267","3.0%","±0.2","313,929","±12,957","2.0%","±0.1","106,038","±6,019","2.1%","±0.1","14,842","±2,020","2.8%","±0.4","46,359","±3,436","2.2%","±0.2","330,462","±12,716","2.4%","±0.1"
"        Hispanic or Latino","31,790","±1,004","6.0%","±0.2","15,070","±911","1.4%","±0.1","337,941","±8,532","4.4%","±0.1","123,751","±4,419","2.7%","±0.1","527,340","±7,857","5.4%","±0.1","264,843","±5,022","3.5%","±0.1","87,039","±3,791","6.3%","±0.3","236,661","±7,137","7.6%","±0.2","32,683","±1,513","7.5%","±0.3","7,863,415","±33,542","30.4%","±0.1","35,968","±2,782","1.6%","±0.1","321,257","±6,495","12.3%","±0.2","5,627,836","±30,596","30.4%","±0.1","99,906","±3,771","8.0%","±0.3","246,253","±7,839","5.7%","±0.2","647,679","±7,583","43.0%","±0.3","80,325","±4,280","2.2%","±0.1","125,024","±5,459","2.5%","±0.1","8,387","±962","1.7%","±0.2","412,166","±8,500","19.9%","±0.3","15,663","±1,821","1.1%","±0.1","175,496","±4,859","6.2%","±0.2","183,767","±4,144","4.2%","±0.1","2,529,291","±5,316","98.8%","±0.2","147,102","±5,118","7.0%","±0.2","343,754","±9,670","5.5%","±0.1","16,825","±1,096","3.0%","±0.2","957,045","±11,394","15.4%","±0.2","237,803","±5,171","2.7%","±0.1","115,494","±5,219","3.0%","±0.1","375,000","±10,400","5.0%","±0.1","666,340","±9,566","16.1%","±0.2","88,831","±1,541","8.7%","±0.2","16,770","±1,195","2.6%","±0.2","206,107","±6,008","4.2%","±0.1","56,296","±3,707","1.7%","±0.1","105,048","±4,622","3.0%","±0.1","409,859","±8,186","7.7%","±0.1","1,064,834","±14,872","11.7%","±0.1","83,270","±3,069","3.6%","±0.1","31,264","±1,660","2.9%","±0.2","91,160","±3,487","11.4%","±0.4","86,138","±4,587","3.9%","±0.2","38,834","±2,554","5.4%","±0.3","124,741","±4,129","3.0%","±0.1","24,492","±1,571","3.0%","±0.2","1,188,723","±11,777","23.6%","±0.2","3,141,934","±25,552","20.5%","±0.1","448,318","±6,876","8.9%","±0.1","36,738","±2,754","7.0%","±0.5","190,248","±5,817","9.1%","±0.3","2,033,344","±20,241","14.8%","±0.1"
"        White alone, Not Hispanic or Latino","349,058","±1,415","65.6%","±0.3","1,016,354","±1,589","94.9%","±0.2","5,266,352","±6,375","69.0%","±0.1","3,833,132","±3,666","82.7%","±0.1","7,890,171","±7,873","80.7%","±0.1","5,943,602","±6,221","78.8%","±0.1","1,182,496","±1,695","85.7%","±0.3","2,563,656","±4,106","82.7%","±0.3","378,267","±1,045","87.2%","±0.4","11,748,576","±12,183","45.5%","±0.1","1,330,091","±2,029","59.4%","±0.1","1,919,416","±4,758","73.4%","±0.2","9,394,473","±10,750","50.8%","±0.1","1,091,074","±2,540","87.1%","±0.3","2,444,903","±4,070","56.6%","±0.2","651,775","±2,346","43.2%","±0.3","2,554,006","±2,687","68.8%","±0.1","3,979,945","±4,692","78.4%","±0.1","471,163","±1,376","94.2%","±0.3","1,204,911","±3,184","58.1%","±0.3","1,334,652","±1,955","93.3%","±0.2","2,049,892","±2,407","71.9%","±0.2","3,789,533","±3,661","86.1%","±0.1","24,729","±3,397","1.0%","±0.1","1,724,644","±2,107","82.5%","±0.2","4,175,696","±5,005","67.2%","±0.1","497,987","±1,596","87.8%","±0.4","3,866,635","±7,415","62.4%","±0.2","7,294,535","±4,827","82.3%","±0.1","2,605,101","±3,808","67.7%","±0.1","4,355,981","±6,087","58.2%","±0.1","3,109,968","±3,822","74.9%","±0.2","257,508","±1,396","25.3%","±0.2","562,090","±1,099","86.9%","±0.3","4,137,370","±5,181","83.8%","±0.2","2,970,941","±2,867","88.2%","±0.1","2,152,258","±3,455","62.2%","±0.1","4,092,643","±6,529","76.4%","±0.2","6,155,989","±8,459","67.8%","±0.1","2,116,530","±2,654","90.9%","±0.2","990,203","±2,030","92.6%","±0.2","627,800","±3,870","78.2%","±0.5","1,725,137","±1,894","77.6%","±0.2","495,504","±1,141","68.7%","±0.4","3,537,015","±3,195","86.1%","±0.2","729,822","±1,284","88.6%","±0.2","3,191,082","±5,276","63.4%","±0.2","9,325,209","±12,583","60.8%","±0.1","3,920,473","±8,703","77.9%","±0.2","219,188","±2,165","41.6%","±0.4","1,760,735","±3,045","84.4%","±0.3","8,553,329","±11,764","62.1%","±0.1"
"    EDUCATIONAL ATTAINMENT","","","","","","","","","","","","","","","","","","","","","","","","","","","","","","","","","","","","","","","","","","","","","","","","","","","","","","","","","","","","","","","","","","","","","","","","","","","","","","","","","","","","","","","","","","","","","","","","","","","","","","","","","","","","","","","","","","","","","","","","","","","","","","","","","","","","","","","","","","","","","","","","","","","","","","","","","","","","","","","","","","","","","","","","","","","","","","","","","","","","","","","","","","","","","","","","","","","","","","","","","","","","","","","",""
"        Less than 9th grade","10,640","±1,693","2.0%","±0.3","24,600","±2,742","2.3%","±0.3","200,778","±8,608","2.6%","±0.1","114,124","±5,337","2.5%","±0.1","249,112","±9,807","2.5%","±0.1","161,150","±5,719","2.1%","±0.1","32,572","±2,968","2.4%","±0.2","58,143","±5,726","1.9%","±0.2","6,797","±1,560","1.6%","±0.4","1,147,037","±19,109","4.4%","±0.1","93,466","±5,252","4.2%","±0.2","66,360","±5,039","2.5%","±0.2","745,191","±15,647","4.0%","±0.1","24,472","±3,181","2.0%","±0.3","97,827","±6,295","2.3%","±0.1","56,432","±4,217","3.7%","±0.3","118,452","±7,074","3.2%","±0.2","175,063","±8,473","3.4%","±0.2","8,442","±1,427","1.7%","±0.3","54,956","±4,453","2.6%","±0.2","51,324","±4,161","3.6%","±0.3","70,779","±3,943","2.5%","±0.1","85,995","±5,063","2.0%","±0.1","336,381","±10,633","13.1%","±0.4","41,812","±3,261","2.0%","±0.2","163,575","±7,095","2.6%","±0.1","15,546","±1,962","2.7%","±0.3","188,446","±7,682","3.0%","±0.1","206,022","±7,065","2.3%","±0.1","108,022","±6,138","2.8%","±0.2","203,340","±9,351","2.7%","±0.1","76,192","±5,031","1.8%","±0.1","28,779","±2,785","2.8%","±0.3","14,171","±1,871","2.2%","±0.3","141,918","±7,947","2.9%","±0.2","149,967","±6,649","4.5%","±0.2","132,683","±7,804","3.8%","±0.2","100,582","±6,967","1.9%","±0.1","255,454","±8,972","2.8%","±0.1","49,035","±3,241","2.1%","±0.1","21,599","±2,911","2.0%","±0.3","25,022","±2,970","3.1%","±0.4","74,892","±4,249","3.4%","±0.2","16,821","±2,525","2.3%","±0.3","74,789","±5,055","1.8%","±0.1","13,693","±1,776","1.7%","±0.2","158,255","±7,390","3.1%","±0.1","480,480","±13,935","3.1%","±0.1","148,210","±8,826","2.9%","±0.2","11,472","±1,871","2.2%","±0.4","28,144","±2,870","1.3%","±0.1","541,093","±12,970","3.9%","±0.1"
"        9th to 12th grade, no diploma","26,444","±2,293","5.0%","±0.4","52,524","±3,608","4.9%","±0.3","584,883","±14,362","7.7%","±0.2","330,937","±9,910","7.1%","±0.2","616,418","±12,226","6.3%","±0.1","499,570","±11,514","6.6%","±0.2","68,183","±3,529","4.9%","±0.3","185,531","±7,450","6.0%","±0.2","25,914","±2,795","6.0%","±0.6","1,655,142","±22,217","6.4%","±0.1","223,411","±10,339","10.0%","±0.5","140,171","±6,729","5.4%","±0.3","1,399,208","±25,656","7.6%","±0.1","78,632","±5,025","6.3%","±0.4","245,686","±8,305","5.7%","±0.2","134,409","±6,334","8.9%","±0.4","361,105","±12,368","9.7%","±0.3","402,952","±12,023","7.9%","±0.2","24,270","±3,041","4.9%","±0.6","153,711","±6,293","7.4%","±0.3","125,139","±5,425","8.7%","±0.4","236,416","±6,238","8.3%","±0.2","239,610","±7,819","5.4%","±0.2","194,012","±8,795","7.6%","±0.3","111,068","±5,488","5.3%","±0.3","386,258","±11,462","6.2%","±0.2","25,287","±2,319","4.5%","±0.4","321,265","±10,210","5.2%","±0.2","628,854","±13,296","7.1%","±0.2","321,454","±10,419","8.3%","±0.3","638,227","±14,995","8.5%","±0.2","209,454","±8,598","5.0%","±0.2","39,736","±3,394","3.9%","±0.3","37,075","±3,189","5.7%","±0.5","391,840","±10,081","7.9%","±0.2","272,127","±8,661","8.1%","±0.3","350,812","±10,766","10.1%","±0.3","277,579","±10,484","5.2%","±0.2","548,103","±12,011","6.0%","±0.1","118,711","±5,300","5.1%","±0.2","50,881","±3,636","4.8%","±0.3","49,862","±4,200","6.2%","±0.5","183,542","±6,849","8.3%","±0.3","47,602","±4,095","6.6%","±0.6","181,950","±6,116","4.4%","±0.1","43,308","±2,994","5.3%","±0.4","361,342","±11,162","7.2%","±0.2","1,108,062","±23,728","7.2%","±0.2","260,734","±8,781","5.2%","±0.2","24,872","±2,936","4.7%","±0.6","112,538","±6,979","5.4%","±0.3","907,828","±16,535","6.6%","±0.1"
"        High school graduate (includes equivalency)","160,451","±4,824","30.1%","±0.9","342,506","±7,878","32.0%","±0.7","2,006,153","±22,788","26.3%","±0.3","1,425,877","±16,159","30.8%","±0.3","3,438,340","±22,901","35.2%","±0.2","2,217,910","±19,006","29.4%","±0.3","364,914","±7,738","26.4%","±0.6","727,912","±13,804","23.5%","±0.4","128,479","±5,746","29.6%","±1.4","5,700,939","±35,514","22.1%","±0.1","669,560","±15,156","29.9%","±0.7","715,344","±11,969","27.4%","±0.5","4,965,575","±43,015","26.8%","±0.2","364,447","±11,315","29.1%","±0.9","1,089,090","±16,389","25.2%","±0.4","406,514","±10,567","27.0%","±0.7","1,168,042","±18,157","31.5%","±0.5","1,645,147","±20,449","32.4%","±0.4","148,257","±5,370","29.6%","±1.1","607,942","±12,942","29.3%","±0.6","567,372","±10,614","39.6%","±0.7","914,143","±12,866","32.0%","±0.4","1,362,764","±16,028","31.0%","±0.4","720,523","±14,091","28.1%","±0.6","553,794","±9,122","26.5%","±0.4","1,573,621","±21,261","25.3%","±0.3","148,841","±4,703","26.2%","±0.8","1,655,721","±20,986","26.7%","±0.3","2,944,021","±22,594","33.2%","±0.3","1,167,602","±20,800","30.3%","±0.5","2,154,136","±23,452","28.8%","±0.3","916,890","±17,484","22.1%","±0.4","283,857","±9,503","27.9%","±0.9","198,743","±6,063","30.7%","±0.9","1,646,874","±20,565","33.4%","±0.4","1,126,058","±14,755","33.4%","±0.4","1,199,466","±18,687","34.7%","±0.5","1,245,168","±16,629","23.3%","±0.3","2,412,512","±25,787","26.6%","±0.3","714,742","±11,119","30.7%","±0.5","307,175","±8,188","28.7%","±0.7","232,552","±9,200","29.0%","±1.1","770,535","±12,246","34.6%","±0.6","244,349","±8,651","33.9%","±1.2","1,023,146","±12,730","24.9%","±0.3","235,406","±6,595","28.6%","±0.8","1,268,920","±17,202","25.2%","±0.3","4,428,650","±38,747","28.9%","±0.2","1,198,355","±18,167","23.8%","±0.4","99,438","±5,562","18.9%","±1.0","495,871","±11,071","23.8%","±0.5","3,584,694","±31,965","26.0%","±0.2"
"        Some college, no degree","148,709","±5,567","27.9%","±1.0","236,725","±6,601","22.1%","±0.6","1,837,548","±22,826","24.1%","±0.3","1,146,249","±16,113","24.7%","±0.3","1,792,444","±19,359","18.3%","±0.2","1,950,975","±19,107","25.9%","±0.2","349,519","±8,485","25.3%","±0.6","853,537","±13,246","27.5%","±0.4","120,333","±5,649","27.7%","±1.3","6,611,903","±44,502","25.6%","±0.2","560,421","±14,430","25.0%","±0.6","525,586","±11,809","20.1%","±0.4","4,711,885","±39,805","25.5%","±0.2","345,652","±9,488","27.6%","±0.8","931,025","±13,977","21.6%","±0.3","399,155","±10,016","26.5%","±0.6","886,600","±16,619","23.9%","±0.4","1,189,177","±17,178","23.4%","±0.3","103,584","±4,424","20.7%","±0.9","583,585","±10,620","28.1%","±0.5","301,695","±7,314","21.1%","±0.5","739,378","±11,226","25.9%","±0.4","1,020,683","±14,885","23.2%","±0.3","416,617","±10,643","16.3%","±0.4","540,551","±9,672","25.8%","±0.5","1,360,002","±17,866","21.9%","±0.3","144,944","±5,756","25.5%","±1.0","1,217,284","±19,800","19.6%","±0.3","2,010,151","±21,765","22.7%","±0.2","883,120","±14,518","22.9%","±0.4","1,714,768","±25,622","22.9%","±0.3","969,786","±15,851","23.4%","±0.4","232,821","±7,295","22.9%","±0.7","144,419","±5,285","22.3%","±0.8","1,116,232","±18,092","22.6%","±0.4","774,445","±13,270","23.0%","±0.4","796,361","±16,908","23.0%","±0.5","1,364,019","±17,523","25.5%","±0.3","2,109,665","±20,665","23.2%","±0.2","550,783","±10,380","23.7%","±0.4","223,258","±7,018","20.9%","±0.7","169,944","±7,785","21.2%","±1.0","549,241","±12,616","24.7%","±0.6","149,356","±6,794","20.7%","±1.0","951,408","±12,545","23.2%","±0.3","213,870","±7,215","26.0%","±0.9","1,389,701","±18,261","27.6%","±0.3","3,383,383","±28,883","22.1%","±0.2","961,494","±15,649","19.1%","±0.3","81,020","±5,679","15.4%","±1.1","589,770","±10,736","28.3%","±0.5","2,578,936","±25,114","18.7%","±0.2"
"        Associate's degree","41,699","±2,807","7.8%","±0.5","99,301","±4,584","9.3%","±0.4","734,078","±12,640","9.6%","±0.2","368,097","±9,896","7.9%","±0.2","805,992","±13,820","8.2%","±0.1","689,604","±12,890","9.1%","±0.2","144,797","±5,074","10.5%","±0.4","281,441","±10,761","9.1%","±0.3","46,062","±3,440","10.6%","±0.8","2,158,366","±22,462","8.4%","±0.1","225,059","±9,364","10.0%","±0.4","199,028","±7,683","7.6%","±0.3","1,373,120","±18,846","7.4%","±0.1","118,893","±6,455","9.5%","±0.5","294,136","±9,023","6.8%","±0.2","119,558","±5,537","7.9%","±0.4","310,804","±9,954","8.4%","±0.3","373,922","±10,535","7.4%","±0.2","39,333","±2,772","7.9%","±0.6","178,135","±5,929","8.6%","±0.3","102,113","±5,150","7.1%","±0.4","220,224","±6,172","7.7%","±0.2","463,579","±9,418","10.5%","±0.2","262,649","±9,022","10.3%","±0.4","188,669","±6,548","9.0%","±0.3","472,086","±10,578","7.6%","±0.2","82,195","±4,951","14.5%","±0.9","421,832","±9,856","6.8%","±0.2","723,304","±12,787","8.2%","±0.1","370,622","±10,770","9.6%","±0.3","585,471","±14,772","7.8%","±0.2","340,812","±11,035","8.2%","±0.3","111,751","±5,844","11.0%","±0.6","76,351","±4,480","11.8%","±0.7","415,367","±9,525","8.4%","±0.2","278,441","±6,848","8.3%","±0.2","211,913","±9,130","6.1%","±0.3","558,284","±13,212","10.4%","±0.2","742,204","±13,558","8.2%","±0.1","267,241","±7,117","11.5%","±0.3","102,724","±4,735","9.6%","±0.4","66,975","±4,300","8.3%","±0.5","167,399","±7,915","7.5%","±0.4","54,332","±3,645","7.5%","±0.5","469,157","±9,025","11.4%","±0.2","75,647","±4,384","9.2%","±0.5","446,509","±11,355","8.9%","±0.2","1,538,610","±27,605","10.0%","±0.2","370,597","±9,040","7.4%","±0.2","13,643","±2,427","2.6%","±0.5","214,821","±7,523","10.3%","±0.4","1,223,564","±18,026","8.9%","±0.1"
"        Bachelor's degree","89,107","±4,177","16.7%","±0.8","205,198","±5,909","19.2%","±0.5","1,496,734","±19,085","19.6%","±0.2","787,128","±12,679","17.0%","±0.3","1,798,361","±17,954","18.4%","±0.2","1,279,897","±16,562","17.0%","±0.2","283,910","±7,509","20.6%","±0.5","633,177","±11,339","20.4%","±0.4","67,939","±4,651","15.7%","±1.1","5,507,471","±40,271","21.3%","±0.2","298,001","±10,579","13.3%","±0.5","554,968","±10,348","21.2%","±0.4","3,534,680","±32,957","19.1%","±0.2","220,005","±7,656","17.6%","±0.6","926,603","±13,481","21.4%","±0.3","226,308","±6,614","15.0%","±0.4","558,690","±13,138","15.1%","±0.3","831,536","±14,662","16.4%","±0.3","109,047","±4,442","21.8%","±0.9","324,834","±9,674","15.7%","±0.4","175,667","±6,655","12.3%","±0.5","446,609","±9,327","15.7%","±0.3","822,580","±11,376","18.7%","±0.3","453,927","±11,730","17.7%","±0.5","423,096","±9,436","20.2%","±0.4","1,322,125","±21,754","21.3%","±0.3","115,082","±5,434","20.3%","±0.9","1,514,311","±20,791","24.4%","±0.3","1,497,600","±19,028","16.9%","±0.2","649,088","±14,397","16.9%","±0.4","1,375,082","±21,172","18.4%","±0.3","1,047,679","±14,271","25.2%","±0.3","210,611","±6,678","20.7%","±0.6","125,006","±4,848","19.3%","±0.7","807,551","±15,983","16.4%","±0.3","463,854","±9,390","13.8%","±0.3","513,359","±11,919","14.8%","±0.3","1,165,008","±16,773","21.8%","±0.3","1,873,612","±19,980","20.6%","±0.2","439,944","±9,984","18.9%","±0.4","227,482","±6,434","21.3%","±0.6","156,319","±5,779","19.5%","±0.7","309,602","±8,551","13.9%","±0.4","125,319","±5,648","17.4%","±0.8","955,496","±13,184","23.3%","±0.3","161,452","±4,929","19.6%","±0.6","904,959","±14,056","18.0%","±0.3","2,804,292","±31,615","18.3%","±0.2","1,209,374","±16,234","24.0%","±0.3","137,112","±5,794","26.0%","±1.1","432,248","±9,138","20.7%","±0.4","2,851,606","±28,761","20.7%","±0.2"
"        Graduate or professional degree","55,194","±3,489","10.4%","±0.6","109,807","±4,842","10.3%","±0.5","769,526","±15,563","10.1%","±0.2","460,958","±9,630","9.9%","±0.2","1,080,545","±16,272","11.0%","±0.2","743,772","±12,491","9.9%","±0.2","136,365","±5,090","9.9%","±0.4","358,430","±9,013","11.6%","±0.3","38,120","±3,445","8.8%","±0.8","3,057,972","±28,907","11.8%","±0.1","170,740","±7,820","7.6%","±0.3","412,908","±8,804","15.8%","±0.3","1,772,675","±28,017","9.6%","±0.1","100,313","±6,166","8.0%","±0.5","735,783","±14,758","17.0%","±0.3","165,008","±6,500","10.9%","±0.4","308,519","±9,494","8.3%","±0.3","457,369","±13,821","9.0%","±0.3","67,341","±2,998","13.5%","±0.6","172,003","±6,435","8.3%","±0.3","107,848","±5,528","7.5%","±0.4","225,116","±7,617","7.9%","±0.3","406,543","±8,369","9.2%","±0.2","177,183","±8,212","6.9%","±0.3","232,524","±7,991","11.1%","±0.4","936,019","±16,129","15.1%","±0.3","35,456","±2,636","6.2%","±0.5","879,475","±14,941","14.2%","±0.2","853,968","±14,780","9.6%","±0.2","350,169","±9,554","9.1%","±0.2","815,775","±16,815","10.9%","±0.2","590,227","±11,267","14.2%","±0.3","108,951","±4,799","10.7%","±0.5","51,324","±3,619","7.9%","±0.6","415,398","±11,976","8.4%","±0.2","304,027","±9,346","9.0%","±0.3","254,485","±8,198","7.4%","±0.2","644,899","±12,922","12.0%","±0.2","1,133,216","±17,527","12.5%","±0.2","186,763","±7,329","8.0%","±0.3","136,693","±5,156","12.8%","±0.5","102,403","±6,154","12.8%","±0.8","168,901","±7,149","7.6%","±0.3","83,088","±4,580","11.5%","±0.6","450,968","±9,061","11.0%","±0.2","80,292","±3,973","9.7%","±0.5","506,085","±11,869","10.0%","±0.2","1,584,338","±21,431","10.3%","±0.1","887,040","±14,588","17.6%","±0.3","158,836","±4,922","30.2%","±0.9","213,949","±6,588","10.2%","±0.3","2,082,308","±22,011","15.1%","±0.2"
"        High school degree or higher","495,160","±3,690","93.0%","±0.5","993,537","±5,405","92.8%","±0.4","6,844,039","±22,125","89.7%","±0.2","4,188,309","±13,745","90.4%","±0.2","8,915,682","±18,202","91.2%","±0.1","6,882,158","±16,067","91.2%","±0.2","1,279,505","±6,081","92.7%","±0.3","2,854,497","±13,308","92.1%","±0.3","400,933","±3,684","92.5%","±0.8","23,036,651","±43,016","89.2%","±0.1","1,923,781","±11,836","85.9%","±0.5","2,407,834","±10,681","92.1%","±0.3","16,357,935","±41,040","88.4%","±0.2","1,149,310","±6,860","91.8%","±0.5","3,976,637","±13,456","92.0%","±0.2","1,316,543","±10,076","87.3%","±0.5","3,232,655","±16,109","87.1%","±0.4","4,497,151","±17,705","88.6%","±0.3","467,562","±4,027","93.5%","±0.7","1,866,499","±11,951","89.9%","±0.4","1,254,695","±7,660","87.7%","±0.5","2,545,470","±9,900","89.2%","±0.3","4,076,149","±10,876","92.6%","±0.2","2,030,899","±12,672","79.3%","±0.5","1,938,634","±7,584","92.7%","±0.3","5,663,853","±20,656","91.2%","±0.2","526,518","±4,853","92.8%","±0.6","5,688,623","±23,067","91.8%","±0.2","8,029,044","±17,779","90.6%","±0.2","3,420,601","±13,040","88.8%","±0.3","6,645,232","±23,714","88.8%","±0.2","3,865,394","±14,343","93.1%","±0.3","947,991","±7,827","93.3%","±0.4","595,843","±4,938","92.1%","±0.6","4,401,422","±15,655","89.2%","±0.3","2,946,825","±11,910","87.5%","±0.3","2,975,584","±14,874","86.0%","±0.4","4,977,378","±18,560","92.9%","±0.2","8,271,209","±21,647","91.1%","±0.2","2,159,473","±8,586","92.8%","±0.3","997,332","±5,433","93.2%","±0.4","728,193","±6,685","90.7%","±0.6","1,965,678","±10,412","88.4%","±0.4","656,444","±5,756","91.1%","±0.7","3,850,175","±10,612","93.7%","±0.2","766,667","±4,096","93.1%","±0.4","4,516,174","±15,618","89.7%","±0.2","13,739,273","±39,712","89.6%","±0.2","4,626,860","±18,190","91.9%","±0.2","490,049","±5,079","93.1%","±0.6","1,946,659","±9,521","93.3%","±0.4","12,321,108","±29,233","89.5%","±0.1"
"        Bachelor's degree or higher","144,301","±5,756","27.1%","±1.1","315,005","±7,234","29.4%","±0.7","2,266,260","±23,424","29.7%","±0.3","1,248,086","±14,407","26.9%","±0.3","2,878,906","±22,893","29.4%","±0.2","2,023,669","±19,727","26.8%","±0.3","420,275","±9,169","30.4%","±0.7","991,607","±13,521","32.0%","±0.4","106,059","±4,890","24.5%","±1.1","8,565,443","±45,974","33.1%","±0.2","468,741","±13,562","20.9%","±0.6","967,876","±12,852","37.0%","±0.5","5,307,355","±38,865","28.7%","±0.2","320,318","±9,116","25.6%","±0.7","1,662,386","±17,115","38.5%","±0.4","391,316","±9,151","26.0%","±0.6","867,209","±15,287","23.4%","±0.4","1,288,905","±19,068","25.4%","±0.4","176,388","±5,276","35.3%","±1.0","496,837","±11,755","23.9%","±0.6","283,515","±9,719","19.8%","±0.7","671,725","±12,263","23.5%","±0.4","1,229,123","±13,771","27.9%","±0.3","631,110","±14,645","24.6%","±0.6","655,620","±10,292","31.3%","±0.5","2,258,144","±23,092","36.3%","±0.4","150,538","±5,721","26.5%","±1.0","2,393,786","±23,102","38.6%","±0.3","2,351,568","±24,265","26.5%","±0.3","999,257","±17,116","26.0%","±0.4","2,190,857","±25,465","29.3%","±0.3","1,637,906","±16,877","39.5%","±0.4","319,562","±8,496","31.4%","±0.8","176,330","±5,874","27.2%","±0.9","1,222,949","±21,185","24.8%","±0.4","767,881","±13,442","22.8%","±0.4","767,844","±13,807","22.2%","±0.4","1,809,907","±22,062","33.8%","±0.4","3,006,828","±24,054","33.1%","±0.3","626,707","±11,825","26.9%","±0.5","364,175","±7,619","34.0%","±0.7","258,722","±8,956","32.2%","±1.1","478,503","±11,770","21.5%","±0.5","208,407","±7,270","28.9%","±1.0","1,406,464","±13,660","34.2%","±0.3","241,744","±6,030","29.3%","±0.7","1,411,044","±17,432","28.0%","±0.4","4,388,630","±38,797","28.6%","±0.3","2,096,414","±20,440","41.6%","±0.4","295,948","±5,303","56.2%","±0.8","646,197","±11,510","31.0%","±0.5","4,933,914","±34,030","35.8%","±0.2"
"    POVERTY STATUS","","","","","","","","","","","","","","","","","","","","","","","","","","","","","","","","","","","","","","","","","","","","","","","","","","","","","","","","","","","","","","","","","","","","","","","","","","","","","","","","","","","","","","","","","","","","","","","","","","","","","","","","","","","","","","","","","","","","","","","","","","","","","","","","","","","","","","","","","","","","","","","","","","","","","","","","","","","","","","","","","","","","","","","","","","","","","","","","","","","","","","","","","","","","","","","","","","","","","","","","","","","","","","","",""
"        Total Citizens, 18 years and older, for whom poverty status is determined","519,019","±2,513","(X)","(X)","1,043,005","±2,857","(X)","(X)","7,392,393","±13,959","(X)","(X)","4,485,414","±7,751","(X)","(X)","9,433,711","±13,108","(X)","(X)","7,368,915","±9,119","(X)","(X)","1,338,264","±4,341","(X)","(X)","3,041,834","±10,711","(X)","(X)","422,610","±2,199","(X)","(X)","25,279,607","±41,182","(X)","(X)","2,155,572","±4,336","(X)","(X)","2,521,646","±9,641","(X)","(X)","18,008,534","±34,122","(X)","(X)","1,228,304","±4,447","(X)","(X)","4,201,007","±11,203","(X)","(X)","1,475,778","±8,660","(X)","(X)","3,610,653","±6,188","(X)","(X)","4,939,053","±9,411","(X)","(X)","478,729","±1,985","(X)","(X)","2,046,084","±10,071","(X)","(X)","1,389,017","±2,650","(X)","(X)","2,759,421","±6,438","(X)","(X)","4,280,523","±6,810","(X)","(X)","2,537,780","±3,485","(X)","(X)","2,021,709","±6,583","(X)","(X)","5,997,036","±15,306","(X)","(X)","546,513","±3,199","(X)","(X)","6,057,739","±18,114","(X)","(X)","8,594,425","±9,937","(X)","(X)","3,730,160","±7,058","(X)","(X)","7,257,956","±17,170","(X)","(X)","4,049,465","±11,566","(X)","(X)","986,739","±6,787","(X)","(X)","623,323","±2,687","(X)","(X)","4,774,453","±9,453","(X)","(X)","3,256,528","±5,607","(X)","(X)","3,346,701","±6,711","(X)","(X)","5,254,428","±15,531","(X)","(X)","8,830,210","±18,541","(X)","(X)","2,242,807","±6,194","(X)","(X)","1,033,150","±3,009","(X)","(X)","767,630","±5,493","(X)","(X)","2,150,536","±7,053","(X)","(X)","698,953","±4,007","(X)","(X)","4,011,388","±8,723","(X)","(X)","804,355","±2,455","(X)","(X)","4,910,593","±13,497","(X)","(X)","14,993,461","±34,716","(X)","(X)","4,838,216","±16,731","(X)","(X)","497,589","±4,397","(X)","(X)","2,052,201","±7,006","(X)","(X)","13,371,194","±26,432","(X)","(X)"
"        Income in the past 12 months below poverty level","51,051","±4,246","9.8%","±0.8","114,438","±5,297","11.0%","±0.5","866,201","±21,714","11.7%","±0.3","517,093","±12,062","11.5%","±0.3","1,010,716","±18,459","10.7%","±0.2","905,406","±15,995","12.3%","±0.2","130,638","±5,710","9.8%","±0.4","343,849","±10,783","11.3%","±0.4","42,105","±4,741","10.0%","±1.1","2,587,283","±32,298","10.2%","±0.1","366,921","±12,585","17.0%","±0.6","224,748","±9,314","8.9%","±0.4","2,057,713","±31,552","11.4%","±0.2","131,309","±6,983","10.7%","±0.6","331,338","±11,393","7.9%","±0.3","247,148","±9,677","16.7%","±0.7","524,972","±15,048","14.5%","±0.4","638,676","±17,626","12.9%","±0.4","51,013","±4,008","10.7%","±0.8","220,139","±9,846","10.8%","±0.5","222,590","±9,848","16.0%","±0.7","365,488","±9,908","13.2%","±0.4","425,134","±11,185","9.9%","±0.3","1,010,531","±17,928","39.8%","±0.7","213,532","±9,444","10.6%","±0.5","574,018","±15,143","9.6%","±0.3","57,163","±4,106","10.5%","±0.8","464,164","±14,872","7.7%","±0.2","1,034,182","±21,628","12.0%","±0.3","482,888","±14,981","12.9%","±0.4","879,107","±20,592","12.1%","±0.3","347,857","±10,459","8.6%","±0.3","74,629","±5,209","7.6%","±0.5","73,236","±4,619","11.7%","±0.7","538,289","±14,556","11.3%","±0.3","483,797","±13,715","14.9%","±0.4","535,282","±16,163","16.0%","±0.5","477,144","±11,543","9.1%","±0.2","931,050","±16,065","10.5%","±0.2","225,223","±8,234","10.0%","±0.4","68,915","±3,936","6.7%","±0.4","83,428","±5,698","10.9%","±0.7","318,945","±13,139","14.8%","±0.6","72,431","±6,197","10.4%","±0.9","342,929","±8,633","8.5%","±0.2","97,803","±5,705","12.2%","±0.7","542,438","±15,200","11.0%","±0.3","1,699,386","±30,029","11.3%","±0.2","421,007","±11,942","8.7%","±0.3","72,562","±4,946","14.6%","±1.0","171,099","±9,330","8.3%","±0.4","1,541,839","±27,715","11.5%","±0.2"
"        Income in the past 12 months at or above the poverty level","467,968","±4,584","90.2%","±0.8","928,567","±5,834","89.0%","±0.5","6,526,192","±24,414","88.3%","±0.3","3,968,321","±15,337","88.5%","±0.3","8,422,995","±22,650","89.3%","±0.2","6,463,509","±19,331","87.7%","±0.2","1,207,626","±7,354","90.2%","±0.4","2,697,985","±15,349","88.7%","±0.4","380,505","±4,950","90.0%","±1.1","22,692,324","±50,362","89.8%","±0.1","1,788,651","±13,075","83.0%","±0.6","2,296,898","±12,505","91.1%","±0.4","15,950,821","±47,795","88.6%","±0.2","1,096,995","±7,790","89.3%","±0.6","3,869,669","±16,555","92.1%","±0.3","1,228,630","±12,493","83.3%","±0.7","3,085,681","±16,676","85.5%","±0.4","4,300,377","±18,843","87.1%","±0.4","427,716","±4,517","89.3%","±0.8","1,825,945","±13,052","89.2%","±0.5","1,166,427","±9,743","84.0%","±0.7","2,393,933","±11,895","86.8%","±0.4","3,855,389","±11,939","90.1%","±0.3","1,527,249","±18,952","60.2%","±0.7","1,808,177","±10,567","89.4%","±0.5","5,423,018","±21,435","90.4%","±0.3","489,350","±5,259","89.5%","±0.8","5,593,575","±20,367","92.3%","±0.2","7,560,243","±23,540","88.0%","±0.3","3,247,272","±15,892","87.1%","±0.4","6,378,849","±27,842","87.9%","±0.3","3,701,608","±13,853","91.4%","±0.3","912,110","±7,996","92.4%","±0.5","550,087","±5,176","88.3%","±0.7","4,236,164","±16,612","88.7%","±0.3","2,772,731","±15,105","85.1%","±0.4","2,811,419","±18,447","84.0%","±0.5","4,777,284","±18,405","90.9%","±0.2","7,899,160","±25,618","89.5%","±0.2","2,017,584","±9,797","90.0%","±0.4","964,235","±4,440","93.3%","±0.4","684,202","±7,257","89.1%","±0.7","1,831,591","±15,385","85.2%","±0.6","626,522","±6,495","89.6%","±0.9","3,668,459","±12,706","91.5%","±0.2","706,552","±6,327","87.8%","±0.7","4,368,155","±19,116","89.0%","±0.3","13,294,075","±47,352","88.7%","±0.2","4,417,209","±21,144","91.3%","±0.3","425,027","±6,012","85.4%","±1.0","1,881,102","±9,971","91.7%","±0.4","11,829,355","±35,046","88.5%","±0.2"
"    HOUSEHOLD INCOME (IN 2018 INFLATION-ADJUSTED DOLLARS)","","","","","","","","","","","","","","","","","","","","","","","","","","","","","","","","","","","","","","","","","","","","","","","","","","","","","","","","","","","","","","","","","","","","","","","","","","","","","","","","","","","","","","","","","","","","","","","","","","","","","","","","","","","","","","","","","","","","","","","","","","","","","","","","","","","","","","","","","","","","","","","","","","","","","","","","","","","","","","","","","","","","","","","","","","","","","","","","","","","","","","","","","","","","","","","","","","","","","","","","","","","","","","","",""
"        Median Household Income for Households with a Citizen, Voting-Age Householder","74,192","±2,305","(X)","(X)","55,663","±1,300","(X)","(X)","54,729","±557","(X)","(X)","54,647","±757","(X)","(X)","61,150","±319","(X)","(X)","56,669","±406","(X)","(X)","60,399","±804","(X)","(X)","64,276","±1,087","(X)","(X)","62,108","±1,650","(X)","(X)","79,296","±481","(X)","(X)","44,700","±810","(X)","(X)","77,772","±1,293","(X)","(X)","62,781","±535","(X)","(X)","56,026","±922","(X)","(X)","85,033","±869","(X)","(X)","48,422","±974","(X)","(X)","50,145","±636","(X)","(X)","52,798","±657","(X)","(X)","60,813","±1,556","(X)","(X)","60,967","±768","(X)","(X)","44,179","±1,017","(X)","(X)","52,522","±586","(X)","(X)","61,023","±387","(X)","(X)","20,371","±430","(X)","(X)","59,440","±785","(X)","(X)","73,304","±738","(X)","(X)","64,372","±2,314","(X)","(X)","83,573","±1,225","(X)","(X)","56,277","±429","(X)","(X)","52,563","±836","(X)","(X)","59,320","±709","(X)","(X)","73,409","±895","(X)","(X)","81,260","±1,953","(X)","(X)","56,576","±1,509","(X)","(X)","56,249","±511","(X)","(X)","50,578","±570","(X)","(X)","48,314","±745","(X)","(X)","74,810","±714","(X)","(X)","66,037","±461","(X)","(X)","60,485","±705","(X)","(X)","75,240","±1,518","(X)","(X)","65,833","±1,989","(X)","(X)","47,210","±758","(X)","(X)","64,723","±1,645","(X)","(X)","71,056","±544","(X)","(X)","55,335","±1,210","(X)","(X)","60,836","±494","(X)","(X)","56,794","±372","(X)","(X)","80,919","±715","(X)","(X)","86,510","±3,051","(X)","(X)","72,685","±1,043","(X)","(X)","69,956","±557","(X)","(X)"